scenario,roc_auc,f1,precision,recall
baseline,0.8845838587563034,0.7632600258732212,0.7787750791974657,0.7483510908168443
obfuscated_phishing,0.7084076454093521,0.6218342493803212,0.663065961847851,0.5854301948051948
shortened_messages,0.6638565372915728,0.5993361782835467,0.6233424657534247,0.5771103896103896
multilingual_scams,0.9849633219944488,0.9275807359639695,0.9358669833729216,0.919439935064935
