{
    "baseline_auc": 0.8845838587563034,
    "robustness_score": 0.9258689821066158
}