test,value
t_test,0.47270816339239774
mann_whitney,0.6547797516501062
cohen_d,-0.007614498540792882
