threshold,tpr,fpr
-0.073564306,0.7089510332434861,0.7044917257683215
