{
    "attack_mean": -0.002151650143787265,
    "benign_mean": 0.0021570813842117786,
    "t_test_p": 0.47270816339239774,
    "mann_whitney_p": 0.6547797516501062,
    "cohen_d": -0.007614498540792882,
    "roc_auc": 0.49863127661445655
}