ci_low,ci_high
-1.0757514744997023,1.067947360873222
