{
    "CADR": 0.8278190411883862,
    "TPS": 0.6934823765057416,
    "best_model": "CAT_Hybrid",
    "best_auc": 0.9415341750387505
}