{
    "nodes": 86658,
    "edges": 35574,
    "density": 4.7371854760424495e-06,
    "CDE_demo": -37.439815521240234
}