{
    "TPS": 0.13447908558318653,
    "attack_prevention_rate": 0.5328733766233766,
    "false_positive_rate": 0.7476340694006309
}