attack_prevention_rate,false_positive_rate,TPS
0.5328733766233766,0.7476340694006309,0.13447908558318653
