component,variance
0,0.685369
1,0.17185122
2,0.07198713
3,0.07079266
