threshold,tpr,fpr
-0.8214179918094212,0.7074348607367476,0.7038162782843634
