{
    "attack_mean": -0.007442550482553273,
    "legit_mean": 0.007056344544731722,
    "cohen_d": -0.00751313496175388,
    "roc_auc": 0.4986823280615456,
    "threshold": -0.8214179918094212
}