precision,recall,f1,roc_auc
0.5004113088063207,0.6490341419222241,0.5651137975386885,0.4986823280615456
