test,value
t_test,0.47862138674332466
mann_whitney,0.6668649893719321
cohen_d,-0.00751313496175388
