{
    "rows": 100000,
    "cms_error": 0.0,
    "CDE_demo": -44.51435089111328,
    "TDI_demo": -45.04399108886719
}