{
    "roc_auc": 0.9553843903522108,
    "precision": 0.8548337279934108,
    "recall": 0.8403846153846154,
    "f1": 0.8475475935283009
}