ROC_AUC,Precision,Recall,F1
0.9553843903522108,0.8548337279934108,0.8403846153846154,0.8475475935283009
