,urgency_score,fear_trigger_score,trust_manipulation_score,authority_claim
count,100000.0,100000.0,100000.0,100000.0
mean,0.500081953,0.49700505399999995,0.50637935,0.49943
std,0.2877493434141108,0.2883063448409345,0.28775183632805756,0.500002175117378
min,0.0,0.0,0.0,0.0
25%,0.2524,0.2498,0.2581,0.0
50%,0.49924999999999997,0.4945,0.5062,0.0
75%,0.7483,0.745325,0.7549,1.0
max,1.0,1.0,1.0,1.0
